Workbook
Name _UOM2: #REF!
Name _UOM2: #REF!
Name _UOM2: #REF!
Name _UOM2: #REF!
Name _UOM2: #REF!
Name a._knit: #REF!
Name a._knit: #REF!
Name a._knit: #REF!
Name a._Yes: #REF!
Name a._Yes: #REF!
Name a._Yes: #REF!
Name a._Yes: #REF!
Name Agegrading: #REF!
Name Agegrading: #REF!
Name Agegrading: #REF!
Name Agegrading: #REF!
Name agent: #REF!
Name agent: #REF!
Name agent: #REF!
Name agent: 'Decor Dropdowns'!#REF!
Name Animals_bred_in_captivity__from_parents_that_mated_in_captivity___C: Instructions!source
Name Animals_bred_in_captivity__from_parents_that_mated_in_captivity___C: 'TSCA - Required, All Chemicals'!source
Name Animals_bred_in_captivity__from_parents_that_mated_in_captivity___C: 'Wood and Plant Materials'!source
Name Animals_bred_in_captivity__from_parents_that_mated_in_captivity___C: source
Name AnimalTypes: #REF!
Name AnimalTypes: #REF!
Name AnimalTypes: #REF!
Name AnimalTypes: #REF!
Name Belt: #REF!
Name Belt: #REF!
Name Belt: #REF!
Name belts: #REF!
Name belts: #REF!
Name belts: #REF!
Name belts1: #REF!
Name belts1: #REF!
Name belts1: #REF!
Name Bone__camel__horn__etc: descriptiontypes
Name Bone__camel__horn__etc: descriptiontypes
Name Bone__camel__horn__etc: descriptiontypes
Name Bone__camel__horn__etc: descriptiontypes
Name braided: #REF!
Name braided: #REF!
Name braided: #REF!
Name Ceramics: #REF!
Name Ceramics: #REF!
Name Ceramics: #REF!
Name chinawood: #REF!
Name chinawood: #REF!
Name chinawood: #REF!
Name chinawood: #REF!
Name cloth: #REF!
Name cloth: #REF!
Name cloth: #REF!
Name cloth: #REF!
Name Consistency: #REF!
Name Consistency: #REF!
Name Consistency: #REF!
Name Consistency: #REF!
Name Construction: #REF!

Sheet Instructions
E2: Product Specification Template Instructions
B5: The information collected on this document is relied upon by TJX U.S. divisions to comply with U.S. Customs and other government agency import requirements. Incomplete, incorrect, or late submission of this information may lead to shipping delays or order cancellation.
C8: A product template MUST be completed for every Vendor Style | I8: Complete and submit this document to TJX's Trade Compliance Service Providers as soon as possible after Purchase Order is issued
C9: Product Details tab AND Manufacturer tab must be completed for ALL Vendor Styles | I9: TJX's Trade Compliance Service Providers will complete Classification / HTS and ISF information validation as soon as possible upon submission
C10: Additional information may be required for certain items. See the Special Instructions section below for details | I10: Vendors will be allowed to submit a Freight Forwarder booking after the ISF information has been completed
C11: If the email fails due to size, please split into multiple product templates and emails as needed.
C15: All of the tabs contain conditional formatting that is dependent on answers to questions within the tab. | I15: Set components should be listed on individual lines where possible.
C17: Yellow cells are REQUIRED information.
C18: Grey cells do not need to be filled out. | I18: Wherever possible, instructions have been given underneath the column headers to help the user know whether the cell is free text or a dropdown, indicated by such flags as "Y/N," "Please select an answer," and "Please enter an answer." Please use drop down selections when provided; do not overwrite the dropdown. Whenever possible, a choice of "other" has been given, with separate space to free-text anything not listed in an associated dropdown.
C21: Measurement definitions:
C22: Length/Height: measurement from top to bottom.
C23: Width: measurement from left to right
C24: Depth: measurement from front to back
B30: Special Instructions:
C32: Manufacturers | F32: Provide the full name and address of the factory where the goods are manufactured or produced
C34: Sets | F34: Specify the number of items in the set. Must provide product details and value (in $USD) for each item. Set components should be listed on separate lines.
C36: Wood or Plant Materials (US Dept. of Agriculture/USDA) | F36: Complete this tab for any styles containing wood or plant materials.
C38: Animal Material or Ingredients (Fish & Wildlife/FWS) | F38: Complete this tab for any styles containing animal materials (eg. feathers, shells, etc) or ingredients, excluding food.
C40: Candles | F40: Complete the Décor & Misc or Glassware Product Template. If made in China, complete the Candles (CN) tab.
C42: Journals, Notebooks | F42: Complete the Desk, Office, and Stationery Supplies Product Template. If made in China or India, complete the Journals, Notebooks (CN & IN) tab.
C44: Gift / Paper Bags or Tissue Paper | F44: Complete the Gift Wrap, Gift Bags, Tissue Paper, & Party Supplies Product Template.
C46: Pencils | F46: Complete the Desk, Office, and Stationery Supplies Product Template. If made in China, complete the Pencils (CN) tab.
C48: Clay, Paste, Paint | F48: Complete the Arts & Crafts Product Template. Also complete the TSCA tab.
C50: Household Cleaners, Fragrance | F50: Complete the Décor & Misc Product Template. Also complete the TSCA tab.
C52: Sunglasses | F52: Complete the Sunglasses tab in the Accessories Product Template.

Sheet Product Details
F2: DÉCOR & MISCELLANEOUS
F3: TJX USA PRODUCT SPECIFICATIONS
F5: September 2025
B7: REQUIRED FOR ALL STYLES This information populates on other tabs. It is required for all styles. If the style is a set, each set component must be listed on separate lines. | K7: Sets Only | N7: REQUIRED FOR ALL STYLES | S7: ADDITIONAL MATERIAL COMPOSITION DETAILS | AE7: PRODUCT SPECIFIC DETAILS | AX7: REQUIRED FOR ALL STYLES
F8: Dimensions H x D x W | S8: WOOD | T8: AGGLOMERATED STONE / POLYRESIN | U8: METAL | V8: ALUMINUM | Y8: PAPER | Z8: TEXTILE | AA8: GLASS | AC8: GLASS or CERAMIC | AE8: BOXES | AF8: CANDLE | AG8: CANDLEHOLDERS | AI8: CLOCKS | AJ8: CURTAIN RODS | AM8: HOUSEHOLD CLEANERS | AN8: LAUNDRY BASKETS | AO8: MIRRORS | AT8: SOAP / LOTION DISPENSERS
B9: PO#(s) | C9: Style# | D9: Style Image | E9: Product Description (include holiday motif, if applicable) | F9: Height | G9: Depth | H9: Width | I9: Unit of Measure | J9: Weight (in kg) | K9: SET ITEM NUMBER | L9: Provide Value Breakdown of each piece / part in the set | M9: Specify Currency | N9: Placement | O9: Material Composition (If multiple materials; provide % of each material used on exterior surface & interior / structural frame) | P9: Does the style contain any of the following metals, including packaging and accessories? | Q9: Please specify which metals: | R9: Is this style food-safe / meant for direct food contact? | S9: Specify TYPE OF WOOD and fill out the Wood and Plant Materials Tab | T9: Specify NATURAL STONE (%) | U9: Specify Type of metal with highest % of weight | V9: Is the item meant to be disposable? | W9: Is the aluminum flat-rolled? | X9: If disposable, does the item come with a disposable lid? | Y9: Specify Type of Paper | Z9: Specify Fiber Content (% by weight) | AA9: Specify TYPE OF GLASS | AB9: Specify TYPE OF CONSTRUCTION (decorated inside the body of the glass = i.e. metal flecking, thread/ribbon-like, bubbles, etc.) | AC9: Provide UNIT FIRST COST | AD9: Provide CURRENCY | AE9: Specify the following: 1. type of box (i.e. jewelry, storage, trinket) 2. if wood, specify if lined w/ textiles OR not lined w/ textiles | AF9: Specify the following: 1. Wax ingredients by % 2. Size / type (votive, pillar, etc.) 3. Poured in candleholder vs. loose candle | AG9: Does the candleholder have a pick or spike to hold the candle? | AH9: If NO, provide: - Diameter/Width (in inches) of portion that holds candle - Height/Depth (in inches) of portion that holds candle | AI9: Specify the following: 1. movement component size / diameter (in mm) 2. cost breakdown of case, movement, & battery (if included) 3. currency | AJ9: Is the curtain rod adjustable length (telescoping) or fixed length? | AK9: Are the mounting brackets included? | AL9: Are finials included? | AM9: List all ingredients in order of predominance OR insert a picture of the label with all ingredients clearly visible. | AN9: Does the laundry basket sit on the floor, or is it portable? | AO9: RECTANGULAR or SQUARE MIRRORS Provide the DIMENSIONS of the reflective surface in centimeters | AR9: CIRCULAR MIRRORS Provide the RADIUS (half of the diameter) of the reflective surface: | AT9: What is the weight of the dispenser? | AU9: Type of Dispenser | AV9: If other | AW9: Is the dispenser shipped empty or filled? | AX9: Does the item contain any animal materials? | AY9: Does the product contain wood or plant materials? | AZ9: Manufacturer Name . | BA9: Country of Origin
B10: Separate multiple POs with commas | F10: (top to bottom) | G10: (front to back) | H10: (left to right) | K10: (eg, 1 of 4) | M10: Please select a currency | N10: Please select an answer | P10: Please select an answer | Q10: Yellow cells are required | R10: Please select an answer | S10: Please select an answer | T10: Please select an answer | U10: Please select an answer | V10: Please select an answer | W10: Yellow cells are required | X10: Yellow cells are required | Y10: Please select an answer | AA10: Please select an answer | AB10: Please select an answer | AD10: Currency must match PO currency | AE10: Please complete the Wood and Plant Materials tab for all wooden boxes. | AF10: If from China, please fill out Candles tab | AG10: Please select an answer | AH10: Yellow cells are required | AJ10: Please select an answer | AK10: Please select an answer | AL10: Please select an answer | AM10: The TSCA tab must be completed for Household Cleaners | AN10: Please select an answer | AO10: Length, in CENTIMETERS | AP10: Width in CENTIMETERS | AQ10: Reflective Surface (autocalculates) | AR10: Radius in CENTIMETERS | AS10: Reflective Surface (autocalculates) | AX10: Y/N | AY10: Y/N | AZ10: If new manufacturer, please fill out Manufacturer Profile tab
B11: 591727 | C11: 6261 | D11: Paste photos / images of the products in this area. Images must remain readable when enlarged. | E11: 14 25X4X10 75 GLD BIRDS ON A TWIG | F11: 10.75 | G11: 4 | H11: 14,25 | I11: inch | J11: 1.2 | L11: $5.95 | M11: USD | N11: a. tabletop | O11: 100% CASTaluminium | P11: None of the above | R11: No | U11: a. aluminum | V11: No - designed for long-term use | AQ11: =AO11*AP11 -> 0 | AS11: =PI()*AR11^2 -> 0 | AZ11: SHIVA EXPORTS | BA11: INDIA
D12: Paste photos / images of the products in this area. Images must remain readable when enlarged. | AQ12: =AO12*AP12 -> 0 | AS12: =PI()*AR12^2 -> 0
D13: Paste photos / images of the products in this area. Images must remain readable when enlarged. | AQ13: =AO13*AP13 -> 0 | AS13: =PI()*AR13^2 -> 0
D14: Paste photos / images of the products in this area. Images must remain readable when enlarged. | AQ14: =AO14*AP14 -> 0 | AS14: =PI()*AR14^2 -> 0
AQ15: =AO15*AP15 -> 0 | AS15: =PI()*AR15^2 -> 0
D16: Paste photos / images of the products in this area. Images must remain readable when enlarged. | AQ16: =AO16*AP16 -> 0 | AS16: =PI()*AR16^2 -> 0
D17: Paste photos / images of the products in this area. Images must remain readable when enlarged. | AQ17: =AO17*AP17 -> 0 | AS17: =PI()*AR17^2 -> 0
D18: Paste photos / images of the products in this area. Images must remain readable when enlarged. | AQ18: =AO18*AP18 -> 0 | AS18: =PI()*AR18^2 -> 0
D19: Paste photos / images of the products in this area. Images must remain readable when enlarged. | AQ19: =AO19*AP19 -> 0 | AS19: =PI()*AR19^2 -> 0
D20: Paste photos / images of the products in this area. Images must remain readable when enlarged. | AQ20: =AO20*AP20 -> 0 | AS20: =PI()*AR20^2 -> 0
D21: Paste photos / images of the products in this area. Images must remain readable when enlarged. | AQ21: =AO21*AP21 -> 0 | AS21: =PI()*AR21^2 -> 0
D22: Paste photos / images of the products in this area. Images must remain readable when enlarged. | AQ22: =AO22*AP22 -> 0 | AS22: =PI()*AR22^2 -> 0
D23: Paste photos / images of the products in this area. Images must remain readable when enlarged. | AQ23: =AO23*AP23 -> 0 | AS23: =PI()*AR23^2 -> 0
D24: Paste photos / images of the products in this area. Images must remain readable when enlarged. | AQ24: =AO24*AP24 -> 0 | AS24: =PI()*AR24^2 -> 0
D25: Paste photos / images of the products in this area. Images must remain readable when enlarged. | AQ25: =AO25*AP25 -> 0 | AS25: =PI()*AR25^2 -> 0
D26: Paste photos / images of the products in this area. Images must remain readable when enlarged. | AQ26: =AO26*AP26 -> 0 | AS26: =PI()*AR26^2 -> 0
D27: Paste photos / images of the products in this area. Images must remain readable when enlarged. | AQ27: =AO27*AP27 -> 0 | AS27: =PI()*AR27^2 -> 0
... D60: Paste photos / images of the products in this area. Images must remain readable when enlarged. | AQ60: =AO60*AP60 -> 0 | AS60: =PI()*AR60^2 -> 0

Sheet Manufacturer Profile
B4: Manufacturer Profile
B5: Facility Name | C5: SHIVA EXPORTS
B6: Country | C6: INDIA
B7: Facility Address line 1 | C7: BUILDING NO.2 , MANJU NAGAR, NEAR PRABHAT MARKET
B8: Facility Address line 2 | C8: NEAR RAMPUR ROAD
B9: City/Town/District | C9: MORADABAD
B10: Prov./Terr./State | C10: UTTAR PRADESH
B11: Postal Code | C11: 244001
B12: Contact Person | C12: VISHAL MITTAL
B13: Phone | C13: 9897014276
B14: E-mail | C14: shivaexp@gmail.com / info@shivaexport.co.in
B15: Facility Type* (select from drop down) | C15: Both Origin Conferring and Packing
B16: DUNS # (required for products safe for food use)
B17: FDA Facility Registration # (if applicable)
B19: Origin Conferring facility - where manufacturing process is performed Packing Facility - where goods are packed Both Origin Conferring and Packing facility - goods are produced AND packed at the same facility

Sheet Animal Materials or Ingredients
X1: Description Drop Downs | Z1: Source Drop Downs | AB1: UoM Drop Downs
F2: ANIMAL MATERIALS OR INGREDIENTS (US FISH & WILDLIFE SERVICE / FWS)
F3: TJX USA PRODUCT SPECIFICATIONS | X3: a. Bone (camel, horn, etc) | Z3: a. Animals BORN in captivity (from parents that mated in the wild) | AB3: KG - Kilograms
X4: b. Feathers (peacock, etc) | Z4: b. Animals BRED in captivity (from parents that mated in captivity) | AB4: M- Meters
F5: March 2024 | X5: c. Fur (genuine fur, NOT faux fur) | Z5: c. Specimens taken from the WILD | AB5: M2 - Square Meters
X6: d. Leather/skin (including reptile/ other exotic animal) | Z6: d. Other (Please TYPE in) | AB6: M3 - Cubic Meters
X7: e. Shells (mother of pearl, capiz, etc) | AB7: PCS - Pieces
B8: REQUIRED FOR ALL STYLES CONTAINING FISH OR WILDLIFE MATERIALS/INGREDIENTS | R8: REQUIRED FOR CITES REGULATED ANIMAL SPECIES | X8: f. Other (Please TYPE in)
B9: Yellow cells in columns B-E indicate the product has animal or fish material/ingredients and the associated row needs to be completed. | F9: FWS MATERIAL INFORMATION
B10: PO#(s) | C10: Style# | D10: Product Description | E10: Set item # | F10: Description (Select from drop down list) | G10: Description, Other (please specify): | H10: Common name | I10: Genus | J10: Species | K10: Source | L10: Other (please specify): | M10: Country of Origin of the animal | N10: Quantity of animal materials used in each unit/piece | O10: Quantity Unit of Measure | P10: Value of animal materials used in each unit/piece | Q10: Currency: | R10: Foreign CITES Permit #
B11: (this autofills) | C11: (this autofills) | D11: (this autofills) | E11: (this autofills) | G11: Please fill in all yellow cells | H11: ex: Mother of Pearl | I11: ex: Pinctada | J11: ex: imbricata | K11: Select from drop down list | L11: Please fill in all yellow cells | N11: ex. # of shells or # of feathers | O11: Please select an answer | Q11: Please select a currency; currency type must match PO | R11: if applicable
B12: ='Product Details'!#REF! -> #REF! | C12: ='Product Details'!#REF! -> #REF! | D12: ='Product Details'!#REF! -> #REF! | E12: ='Product Details'!#REF! -> #REF!
B13: ='Product Details'!B12 -> 0 | C13: ='Product Details'!C12 -> 0 | D13: ='Product Details'!E12 -> 0 | E13: ='Product Details'!K12 -> 0
B14: ='Product Details'!B13 -> 0 | C14: ='Product Details'!C13 -> 0 | D14: ='Product Details'!E13 -> 0 | E14: ='Product Details'!K13 -> 0
B15: ='Product Details'!B14 -> 0 | C15: ='Product Details'!C14 -> 0 | D15: ='Product Details'!E14 -> 0 | E15: ='Product Details'!K14 -> 0
B16: ='Product Details'!B11 -> 591727 | C16: ='Product Details'!C11 -> 6261 | D16: ='Product Details'!E11 -> 14 25X4X10 75 GLD BIRDS ON A TWIG | E16: ='Product Details'!K11 -> 0
B17: ='Product Details'!B16 -> 0 | C17: ='Product Details'!C16 -> 0 | D17: ='Product Details'!E16 -> 0 | E17: ='Product Details'!K16 -> 0
B18: ='Product Details'!B17 -> 0 | C18: ='Product Details'!C17 -> 0 | D18: ='Product Details'!E17 -> 0 | E18: ='Product Details'!K17 -> 0
B19: ='Product Details'!B18 -> 0 | C19: ='Product Details'!C18 -> 0 | D19: ='Product Details'!E18 -> 0 | E19: ='Product Details'!K18 -> 0
B20: ='Product Details'!B19 -> 0 | C20: ='Product Details'!C19 -> 0 | D20: ='Product Details'!E19 -> 0 | E20: ='Product Details'!K19 -> 0
B21: ='Product Details'!B20 -> 0 | C21: ='Product Details'!C20 -> 0 | D21: ='Product Details'!E20 -> 0 | E21: ='Product Details'!K20 -> 0
B22: ='Product Details'!B21 -> 0 | C22: ='Product Details'!C21 -> 0 | D22: ='Product Details'!E21 -> 0 | E22: ='Product Details'!K21 -> 0
B23: ='Product Details'!B22 -> 0 | C23: ='Product Details'!C22 -> 0 | D23: ='Product Details'!E22 -> 0 | E23: ='Product Details'!K22 -> 0
B24: ='Product Details'!B23 -> 0 | C24: ='Product Details'!C23 -> 0 | D24: ='Product Details'!E23 -> 0 | E24: ='Product Details'!K23 -> 0
B25: ='Product Details'!B24 -> 0 | C25: ='Product Details'!C24 -> 0 | D25: ='Product Details'!E24 -> 0 | E25: ='Product Details'!K24 -> 0
B26: ='Product Details'!B25 -> 0 | C26: ='Product Details'!C25 -> 0 | D26: ='Product Details'!E25 -> 0 | E26: ='Product Details'!K25 -> 0
B27: ='Product Details'!B26 -> 0 | C27: ='Product Details'!C26 -> 0 | D27: ='Product Details'!E26 -> 0 | E27: ='Product Details'!K26 -> 0
B28: ='Product Details'!B27 -> 0 | C28: ='Product Details'!C27 -> 0 | D28: ='Product Details'!E27 -> 0 | E28: ='Product Details'!K27 -> 0
... B61: ='Product Details'!B60 -> 0 | C61: ='Product Details'!C60 -> 0 | D61: ='Product Details'!E60 -> 0 | E61: ='Product Details'!K60 -> 0

Sheet Wood and Plant Materials
F2: WOOD OR PLANT MATERIALS (US DEPT. OF AGRICULTURE / USDA) | T2: Wood Material Type | V2: Wood Outer Surface Area | X2: Unit | Z2: Diameter
F3: TJX USA PRODUCT SPECIFICATIONS
T4: a. Natural wood | V4: a. yes | X4: kg | Z4: a. less than 1 cm (.38 inches) in width/diameter
F5: March 2024 | T5: b. Reclaimed, reused, or driftwood | V5: b. no | X5: m | Z5: b. 1 cm (.39 inches) or more in width/diameter
T6: c. MDF, particleboard, or similar composite wood | X6: m2
T7: d. Combination of natural wood and MDF/composite wood | X7: m3
B8: REQUIRED FOR ALL STYLES CONTAINING WOOD OR PLANT MATERIAL | J8: REQUIRED FOR WOOD | N8: Required For China Origin Natural Wood Products with ONE of the following: - Bark Attached - Un-Sanded / Rough Surfaces | T8: e. Combination of natural wood and reclaimed/reused/driftwood
B9: Yellow cells in columns B-D indicate the product has wood or plant material and the associated row needs to be completed. | E9: Wood and Plant Material Information | J9: WOOD INFORMATION | K9: NATURAL WOOD | L9: PER UNIT / PIECE WOOD MATERIAL INFORMATION
B10: PO#(s) | C10: Style# | D10: Product Description | E10: Wood or Plant Material Component(s) Description | F10: Common name | G10: Genus | H10: Species | I10: Country of Origin of the wood or plant material | J10: Wood Material Type | K10: Is the outer surface area of the wood machine smoothed? | L10: Quantity of wood materials used to make each unit/piece | M10: Unit of Measure | N10: Measurement of Natural Wood Material | O10: Treatment information Has a treatment certificate been provided to TJX USA at customs_compliance@tjx.com?
B11: (this autofills) | C11: (this autofills) | D11: (this autofills) | E11: Include all wood/plant materials and %s | F11: ex: Pine | G11: ex: Pinus | H11: ex: radiata | J11: Select from drop down list | K11: Select from drop down list | L11: Must provide as one of the following: kg, m, m2, m3 | M11: Select from drop down list | N11: Select from drop down list | O11: Required prior to export
B12: ='Product Details'!#REF! -> #REF! | C12: ='Product Details'!#REF! -> #REF! | D12: ='Product Details'!#REF! -> #REF!
B13: ='Product Details'!B12 -> 0 | C13: ='Product Details'!C12 -> 0 | D13: ='Product Details'!E12 -> 0
B14: ='Product Details'!B13 -> 0 | C14: ='Product Details'!C13 -> 0 | D14: ='Product Details'!E13 -> 0
B15: ='Product Details'!B14 -> 0 | C15: ='Product Details'!C14 -> 0 | D15: ='Product Details'!E14 -> 0
B16: ='Product Details'!B11 -> 591727 | C16: ='Product Details'!C11 -> 6261 | D16: ='Product Details'!E11 -> 14 25X4X10 75 GLD BIRDS ON A TWIG
B17: ='Product Details'!B16 -> 0 | C17: ='Product Details'!C16 -> 0 | D17: ='Product Details'!E16 -> 0
B18: ='Product Details'!B17 -> 0 | C18: ='Product Details'!C17 -> 0 | D18: ='Product Details'!E17 -> 0
B19: ='Product Details'!B18 -> 0 | C19: ='Product Details'!C18 -> 0 | D19: ='Product Details'!E18 -> 0
B20: ='Product Details'!B19 -> 0 | C20: ='Product Details'!C19 -> 0 | D20: ='Product Details'!E19 -> 0
B21: ='Product Details'!B20 -> 0 | C21: ='Product Details'!C20 -> 0 | D21: ='Product Details'!E20 -> 0
B22: ='Product Details'!B21 -> 0 | C22: ='Product Details'!C21 -> 0 | D22: ='Product Details'!E21 -> 0
B23: ='Product Details'!B22 -> 0 | C23: ='Product Details'!C22 -> 0 | D23: ='Product Details'!E22 -> 0
B24: ='Product Details'!B23 -> 0 | C24: ='Product Details'!C23 -> 0 | D24: ='Product Details'!E23 -> 0
B25: ='Product Details'!B24 -> 0 | C25: ='Product Details'!C24 -> 0 | D25: ='Product Details'!E24 -> 0
B26: ='Product Details'!B25 -> 0 | C26: ='Product Details'!C25 -> 0 | D26: ='Product Details'!E25 -> 0
B27: ='Product Details'!B26 -> 0 | C27: ='Product Details'!C26 -> 0 | D27: ='Product Details'!E26 -> 0
B28: ='Product Details'!B27 -> 0 | C28: ='Product Details'!C27 -> 0 | D28: ='Product Details'!E27 -> 0
... B61: ='Product Details'!B60 -> 0 | C61: ='Product Details'!C60 -> 0 | D61: ='Product Details'!E60 -> 0

Sheet TSCA - Required, All Chemicals
C3: TSCA CERTIFICATION TOXIC SUBSTANCE CONTROL ACT Version 1 October 2013
C8: (Vendor name) | I8: , hereby declare the following:
C9: "I certify that all chemical substances in this shipment comply with all applicable rules or orders under TSCA and that I am not offering a chemical substance for entry in violation of TSCA or any applicable rule or order under TSCA."
C14: Style Number as listed on PO #(s) | F14: Style Description
C38: Name of Authorized Company Representative:
J39: Date:
C41: Electronic Signature:
C43: Title:

Sheet Candles (CN)
H2: CANDLES - MADE IN CHINA
H3: TJX USA ANTI-DUMPING DUTIES (ADD) / COUNTERVAILING DUTIES (CVD) PRODUCT SPECIFICATIONS
H5: January 2024
B7: REQUIRED FOR ALL STYLES | F7: REQUIRED FOR ALL CANDLES MADE IN CHINA | I7: PRODUCT SPECIFIC DETAILS | N7: REQUIRED FOR ALL STYLES
I8: SOY, PALM, OR NON-PARRAFIN / PETROLEUM WAX CANDLE | K8: CITRONELLA CANDLE | L8: BIRTHDAY CANDLES
B9: PO#(s) | C9: Style# | D9: Style Image | E9: Product Description | F9: Wax ingredients by % | G9: Manufacturer Name | H9: Country of Origin | I9: Specify if Paraffin and/or Petroleum wax was used in ANY production processes | J9: Label Image | K9: Label Image | L9: Dimensions of each candle | M9: # of Candles per pack | N9: Manufacturer Name (Location where wick inserted into wax) | O9: Country of Origin (Country where wick inserted into wax)
B10: (this autofills) | C10: (this autofills) | E10: (this autofills) | G10: (Location where wick inserted into wax) | H10: (Country where wick inserted into wax) | I10: (Example: wick coating, color ingredients, etc.) | J10: (provide label describing wax ingredients) | K10: (provide label describing for OUTDOOR USE and to REPELL INSECTS) | L10: (L x W x H in inches)
B11: ='Product Details'!#REF! -> #REF! | C11: ='Product Details'!#REF! -> #REF! | E11: ='Product Details'!#REF! -> #REF!
B12: ='Product Details'!B12 -> 0 | C12: ='Product Details'!C12 -> 0 | E12: ='Product Details'!E12 -> 0
B13: ='Product Details'!B13 -> 0 | C13: ='Product Details'!C13 -> 0 | E13: ='Product Details'!E13 -> 0
B14: ='Product Details'!B14 -> 0 | C14: ='Product Details'!C14 -> 0 | E14: ='Product Details'!E14 -> 0
B15: ='Product Details'!B11 -> 591727 | C15: ='Product Details'!C11 -> 6261 | E15: ='Product Details'!E11 -> 14 25X4X10 75 GLD BIRDS ON A TWIG
B16: ='Product Details'!B16 -> 0 | C16: ='Product Details'!C16 -> 0 | E16: ='Product Details'!E16 -> 0
B17: ='Product Details'!B17 -> 0 | C17: ='Product Details'!C17 -> 0 | E17: ='Product Details'!E17 -> 0
B18: ='Product Details'!B18 -> 0 | C18: ='Product Details'!C18 -> 0 | E18: ='Product Details'!E18 -> 0
B19: ='Product Details'!B19 -> 0 | C19: ='Product Details'!C19 -> 0 | E19: ='Product Details'!E19 -> 0
B20: ='Product Details'!B20 -> 0 | C20: ='Product Details'!C20 -> 0 | E20: ='Product Details'!E20 -> 0
B21: ='Product Details'!B21 -> 0 | C21: ='Product Details'!C21 -> 0 | E21: ='Product Details'!E21 -> 0
B22: ='Product Details'!B22 -> 0 | C22: ='Product Details'!C22 -> 0 | E22: ='Product Details'!E22 -> 0
B23: ='Product Details'!B23 -> 0 | C23: ='Product Details'!C23 -> 0 | E23: ='Product Details'!E23 -> 0
B24: ='Product Details'!B24 -> 0 | C24: ='Product Details'!C24 -> 0 | E24: ='Product Details'!E24 -> 0
B25: ='Product Details'!B25 -> 0 | C25: ='Product Details'!C25 -> 0 | E25: ='Product Details'!E25 -> 0
B26: ='Product Details'!B26 -> 0 | C26: ='Product Details'!C26 -> 0 | E26: ='Product Details'!E26 -> 0
B27: ='Product Details'!B27 -> 0 | C27: ='Product Details'!C27 -> 0 | E27: ='Product Details'!E27 -> 0
... B60: ='Product Details'!B60 -> 0 | C60: ='Product Details'!C60 -> 0 | E60: ='Product Details'!E60 -> 0

Sheet Change Record
B2: Document Change Record
B5: Date Updated | C5: Tab(s) Updated | D5: Change Detail | E5: Updated By | F5: Comments
B6: 44774 | C6: All | E6: T. Travis
B7: 45201 | C7: Journals, Notebooks | D7: Replaced or with and in case binding question. Added column for photo of page with ruler. | E7: H. Creegan T. Travis | F7: Journals Notebooks ADD stand alone doc reversioned to Oct 2023.
B8: 45299 | C8: Product Details | D8: Added Audio Electronics, expanded Furniture, added Laundry Baskets, Added food safe question, added Tissue Paper section; added some conditional formatting for "other" answers, alphabetized the Product Specific sections, fixed formatting; added Paper Gift Bag tab | E8: hcreegan | F8: need to break out paper products and furniture to their own PT
B9: 45377 | C9: Product Details | D9: removed tissue paper questions to go to own PT, added wood/animal material questions, moved set section to front of PT, added autocalculating to Mirrors section, removed Audio (to Toys PT) and Furniture/Lamps section (to Furniture PT) | E9: hcreegan
B10: 45377 | C10: manuf detail | D10: removed dependence on dropdown tab | E10: hcreegan
B11: 45377 | C11: animal products | D11: removed dependence on dropdown tab | E11: hcreegan
B12: 45377 | C12: wood products | D12: removed dependence on dropdown tab | E12: hcreegan
B13: 45377 | C13: Journals, Notebooks | D13: deleted tab; Paper Products PT to come | E13: hcreegan
B14: 45377 | C14: TSCA | D14: cleaned up visual formatting | E14: hcreegan
B15: 45378 | C15: Product Details | D15: added conditional formatting and dropdowns | E15: hcreegan
B16: 45576 | C16: Product Details | D16: Added Aluminum Disposable Container ADD questions to aluminum section | E16: hcreegan

Sheet Decor Dropdowns
A1: Placement | C1: Wood | E1: Metal | G1: Glass | I1: Paper | M1: a. 20% or more of natural stone
A2: a. tabletop | C2: a. natural wood | E2: a. aluminum | G2: a. crystal containing 24% or more lead | I2: a. paper mache | M2: b. less than 20% of natural stone
A3: b. floor standing | C3: b. reclaimed, reused, or driftwood | E3: b. copper | G3: b. crystal containing less than 24% lead | I3: b. paper pulp | M3: c. imitation / synthetic stone
A4: c. hanging | C4: c. MDF, particleboard, or similar composite wood | E4: c. brass | G4: c. plain glass (none of the above) | I4: c. paperboard | M4: d. none of the above
C5: d. combination of natural wood and MDF/composite wood | E5: d. iron (cast) | I5: d. interwoven/plaited paper strips
C6: e. combination of natural wood and reclaimed/reused/driftwood | E6: e. iron (not cast) | I6: e. plain paper
E7: f. stainless steel | I7: f. layers of pressed paper
E8: g. steel (including carbon steel | G8: Glass Construction
A9: Is this style food-safe / meant for direct food contact? | E9: h. tinplate (steel coated with tin) | G9: a. decorated inside the body of the glass
E10: i. tin | G10: b. etched, engraved, or cut
A11: Yes | E11: j. zinc | G11: c. plain glass (none of the above)
A12: No | E12: k. other
A16: AUDIO ELECTRONICS | C16: FURNITURE | E16: LAUNDRY BASKETS | G16: TISSUE PAPER
A17: Does the style have recording capabilities? | C17: Is the furniture for indoor or outdoor use? | E17: Does the laundry basket sit on the floor, or is it portable? | G17: Is the tissue paper cut-to-length?
A19: Playback only | C19: Indoor | E19: Portable | G19: Yes
A20: Is capable of recording | C20: Outdoor | E20: Floorstanding | G20: No
A22: Does it contain an AM/FM radio or a clock? | C22: What room is the furniture primarily intended for? | G22: How is the tissue paper processed?
A24: AM/FM radio | C24: Bedroom | G24: Bleached
A25: Clock | C25: Dining/Kitchen | G25: Not-bleached
A26: Both | C26: Living | G26: Dye-colored
C27: Bathroom | G27: Surface-colored
A28: Does it contain a USB port, AUX port, or Bluetooth connectivity? | C28: Other | G28: Glazed
G29: Surface decorated
A30: AUX | C30: If the furniture is made of plastic, please specify: | G30: Printed
A31: Bluetooth | G31: Sequined
A32: CD player | C32: resin strengthened with glass fibers | G32: Crinkled
A33: USB | C33: calcium carbonate | G33: Embossed
A34: Combination of two or more of the above | C34: layers of laminated plastic | G34: Die-cut
C35: not reinforced/not laminated | G35: Other
A36: Does it operate on battery power or a power cord?
G37: Is the tissue paper flat or folded?
A38: Battery powered
A39: Power cord | G39: Flat
A40: Both | G40: Folded
A42: Does it contain an integrated speaker? | G42: How is the tissue paper packaged?
A44: Yes | G44: Banding or wrapping with paper or film
A45: No | G45: Placing in plastic or film bags
G46: Placing in boxes for distribution and use by consumer
